visitor_1800,www.s_5.com,www.s_5.com/page_1,1347844453
visitor_6799,www.s_4.com,www.s_4.com/page_1,1347844454
visitor_4327,www.s_1.com,www.s_1.com/page_1,1347844457
visitor_7002,www.s_6.com,www.s_6.com/page_1,1347844460
visitor_9745,www.s_8.com,www.s_8.com/page_1,1347844461
visitor_3047,www.s_1.com,www.s_1.com/page_1,1347844462
visitor_7955,www.s_7.com,www.s_7.com/page_1,1347844464
visitor_6337,www.s_1.com,www.s_1.com/page_1,1347844465
visitor_9812,www.s_1.com,www.s_1.com/page_1,1347844467
visitor_10000,www.s_7.com,www.s_7.com/page_1,1347844468
visitor_2144,www.s_6.com,www.s_6.com/page_1,1347844470
visitor_4275,www.s_8.com,www.s_8.com/page_1,1347844470
visitor_4881,www.s_2.com,www.s_2.com/page_1,1347844471
visitor_5711,www.s_9.com,www.s_9.com/page_1,1347844471
visitor_696,www.s_6.com,www.s_6.com/page_1,1347844473
visitor_5300,www.s_5.com,www.s_5.com/page_1,1347844474
visitor_9431,www.s_6.com,www.s_6.com/page_1,1347844476
visitor_6355,www.s_6.com,www.s_6.com/page_1,1347844477
visitor_8424,www.s_1.com,www.s_1.com/page_1,1347844479
visitor_8460,www.s_1.com,www.s_1.com/page_1,1347844479
visitor_576,www.s_1.com,www.s_1.com/page_1,1347844480
visitor_9640,www.s_6.com,www.s_6.com/page_1,1347844481
visitor_7062,www.s_7.com,www.s_7.com/page_1,1347844484
visitor_8712,www.s_4.com,www.s_4.com/page_1,1347844484
visitor_1873,www.s_9.com,www.s_9.com/page_1,1347844486
visitor_4339,www.s_6.com,www.s_6.com/page_1,1347844486
visitor_5122,www.s_9.com,www.s_9.com/page_1,1347844487
visitor_9024,www.s_10.com,www.s_10.com/page_1,1347844487
visitor_8475,www.s_4.com,www.s_4.com/page_1,1347844488
visitor_9243,www.s_4.com,www.s_4.com/page_1,1347844489
visitor_8376,www.s_5.com,www.s_5.com/page_1,1347844490
visitor_3059,www.s_2.com,www.s_2.com/page_1,1347844491
visitor_1629,www.s_10.com,www.s_10.com/page_1,1347844493
visitor_2625,www.s_9.com,www.s_9.com/page_1,1347844494
visitor_8422,www.s_6.com,www.s_6.com/page_1,1347844494
visitor_8511,www.s_8.com,www.s_8.com/page_1,1347844494
visitor_1430,www.s_1.com,www.s_1.com/page_1,1347844495
visitor_8006,www.s_6.com,www.s_6.com/page_1,1347844496
visitor_1105,www.s_7.com,www.s_7.com/page_1,1347844497
visitor_1990,www.s_4.com,www.s_4.com/page_1,1347844498
visitor_3613,www.s_8.com,www.s_8.com/page_1,1347844498
visitor_6481,www.s_5.com,www.s_5.com/page_1,1347844498
visitor_9519,www.s_8.com,www.s_8.com/page_1,1347844498
visitor_5895,www.s_10.com,www.s_10.com/page_1,1347844501
visitor_407,www.s_8.com,www.s_8.com/page_1,1347844502
visitor_475,www.s_6.com,www.s_6.com/page_1,1347844502
visitor_4334,www.s_9.com,www.s_9.com/page_1,1347844502
visitor_4671,www.s_6.com,www.s_6.com/page_1,1347844502
visitor_5322,www.s_7.com,www.s_7.com/page_1,1347844503
visitor_6494,www.s_10.com,www.s_10.com/page_1,1347844503
visitor_1327,www.s_4.com,www.s_4.com/page_1,1347844504
visitor_1933,www.s_2.com,www.s_2.com/page_1,1347844504
visitor_3868,www.s_10.com,www.s_10.com/page_1,1347844504
visitor_6339,www.s_3.com,www.s_3.com/page_1,1347844505
visitor_5512,www.s_4.com,www.s_4.com/page_1,1347844506
visitor_1786,www.s_8.com,www.s_8.com/page_1,1347844507
visitor_2371,www.s_4.com,www.s_4.com/page_1,1347844507
visitor_5720,www.s_4.com,www.s_4.com/page_1,1347844507
visitor_8474,www.s_9.com,www.s_9.com/page_1,1347844507
visitor_4211,www.s_3.com,www.s_3.com/page_1,1347844509
visitor_6698,www.s_2.com,www.s_2.com/page_1,1347844509
visitor_9634,www.s_10.com,www.s_10.com/page_1,1347844509
visitor_7075,www.s_4.com,www.s_4.com/page_1,1347844510
visitor_2906,www.s_3.com,www.s_3.com/page_1,1347844511
visitor_5815,www.s_7.com,www.s_7.com/page_1,1347844511
visitor_3909,www.s_4.com,www.s_4.com/page_1,1347844512
visitor_1285,www.s_5.com,www.s_5.com/page_1,1347844513
visitor_737,www.s_8.com,www.s_8.com/page_1,1347844515
visitor_4248,www.s_8.com,www.s_8.com/page_1,1347844515
visitor_6995,www.s_9.com,www.s_9.com/page_1,1347844515
visitor_4313,www.s_9.com,www.s_9.com/page_1,1347844516
visitor_5184,www.s_8.com,www.s_8.com/page_1,1347844516
visitor_4778,www.s_5.com,www.s_5.com/page_1,1347844518
visitor_8250,www.s_8.com,www.s_8.com/page_1,1347844519
visitor_8554,www.s_9.com,www.s_9.com/page_1,1347844519
visitor_6261,www.s_3.com,www.s_3.com/page_1,1347844520
visitor_5250,www.s_3.com,www.s_3.com/page_1,1347844521
visitor_6678,www.s_6.com,www.s_6.com/page_1,1347844522
visitor_6725,www.s_10.com,www.s_10.com/page_1,1347844523
visitor_7375,www.s_4.com,www.s_4.com/page_1,1347844524
visitor_105,www.s_7.com,www.s_7.com/page_1,1347844525
visitor_7117,www.s_4.com,www.s_4.com/page_1,1347844525
visitor_8336,www.s_10.com,www.s_10.com/page_1,1347844525
visitor_9503,www.s_8.com,www.s_8.com/page_1,1347844525
visitor_5038,www.s_3.com,www.s_3.com/page_1,1347844526
visitor_957,www.s_8.com,www.s_8.com/page_1,1347844529
visitor_117,www.s_10.com,www.s_10.com/page_1,1347844530
visitor_3019,www.s_3.com,www.s_3.com/page_1,1347844530
visitor_5334,www.s_5.com,www.s_5.com/page_1,1347844530
visitor_8821,www.s_6.com,www.s_6.com/page_1,1347844530
visitor_2337,www.s_5.com,www.s_5.com/page_1,1347844531
visitor_1165,www.s_3.com,www.s_3.com/page_1,1347844532
visitor_6555,www.s_2.com,www.s_2.com/page_1,1347844532
visitor_4485,www.s_5.com,www.s_5.com/page_1,1347844533
visitor_227,www.s_8.com,www.s_8.com/page_1,1347844534
visitor_1043,www.s_3.com,www.s_3.com/page_1,1347844534
visitor_5479,www.s_7.com,www.s_7.com/page_1,1347844534
visitor_6881,www.s_10.com,www.s_10.com/page_1,1347844534
visitor_7779,www.s_5.com,www.s_5.com/page_1,1347844535
visitor_9198,www.s_6.com,www.s_6.com/page_1,1347844537
visitor_5976,www.s_1.com,www.s_1.com/page_1,1347844539
visitor_7246,www.s_5.com,www.s_5.com/page_1,1347844539
visitor_1908,www.s_7.com,www.s_7.com/page_1,1347844540
visitor_6537,www.s_3.com,www.s_3.com/page_1,1347844540
visitor_7427,www.s_9.com,www.s_9.com/page_1,1347844540
visitor_8384,www.s_1.com,www.s_1.com/page_1,1347844540
visitor_1394,www.s_9.com,www.s_9.com/page_1,1347844541
visitor_1609,www.s_2.com,www.s_2.com/page_1,1347844541
visitor_4452,www.s_7.com,www.s_7.com/page_1,1347844541
visitor_1725,www.s_6.com,www.s_6.com/page_1,1347844542
visitor_3235,www.s_4.com,www.s_4.com/page_1,1347844542
visitor_6506,www.s_6.com,www.s_6.com/page_1,1347844542
visitor_9310,www.s_5.com,www.s_5.com/page_1,1347844542
visitor_202,www.s_6.com,www.s_6.com/page_1,1347844543
visitor_2370,www.s_3.com,www.s_3.com/page_1,1347844543
visitor_8817,www.s_6.com,www.s_6.com/page_1,1347844544
visitor_465,www.s_10.com,www.s_10.com/page_1,1347844545
visitor_2037,www.s_1.com,www.s_1.com/page_1,1347844545
visitor_1370,www.s_5.com,www.s_5.com/page_1,1347844546
visitor_2721,www.s_3.com,www.s_3.com/page_1,1347844546
visitor_2841,www.s_7.com,www.s_7.com/page_1,1347844546
visitor_8886,www.s_1.com,www.s_1.com/page_1,1347844546
visitor_9786,www.s_4.com,www.s_4.com/page_1,1347844546
visitor_589,www.s_10.com,www.s_10.com/page_1,1347844547
visitor_7887,www.s_9.com,www.s_9.com/page_1,1347844547
visitor_1684,www.s_4.com,www.s_4.com/page_1,1347844548
visitor_5910,www.s_4.com,www.s_4.com/page_1,1347844548
visitor_6788,www.s_3.com,www.s_3.com/page_1,1347844548
visitor_9022,www.s_4.com,www.s_4.com/page_1,1347844548
visitor_8099,www.s_1.com,www.s_1.com/page_1,1347844549
visitor_3495,www.s_4.com,www.s_4.com/page_1,1347844550
visitor_3512,www.s_3.com,www.s_3.com/page_1,1347844550
visitor_5076,www.s_9.com,www.s_9.com/page_1,1347844550
visitor_6242,www.s_10.com,www.s_10.com/page_1,1347844550
visitor_6491,www.s_4.com,www.s_4.com/page_1,1347844550
visitor_3358,www.s_3.com,www.s_3.com/page_1,1347844551
visitor_1804,www.s_5.com,www.s_5.com/page_1,1347844552
visitor_4892,www.s_5.com,www.s_5.com/page_1,1347844552
visitor_6171,www.s_4.com,www.s_4.com/page_1,1347844552
visitor_6782,www.s_5.com,www.s_5.com/page_1,1347844552
visitor_8558,www.s_3.com,www.s_3.com/page_1,1347844552
visitor_1846,www.s_7.com,www.s_7.com/page_1,1347844553
visitor_2513,www.s_8.com,www.s_8.com/page_1,1347844553
visitor_2608,www.s_2.com,www.s_2.com/page_1,1347844553
visitor_536,www.s_2.com,www.s_2.com/page_1,1347844554
visitor_9416,www.s_6.com,www.s_6.com/page_1,1347844554
visitor_9058,www.s_8.com,www.s_8.com/page_1,1347844555
visitor_823,www.s_9.com,www.s_9.com/page_1,1347844556
visitor_2963,www.s_8.com,www.s_8.com/page_1,1347844556
visitor_3567,www.s_3.com,www.s_3.com/page_1,1347844556
visitor_4862,www.s_9.com,www.s_9.com/page_1,1347844556
visitor_73,www.s_1.com,www.s_1.com/page_1,1347844557
visitor_4056,www.s_5.com,www.s_5.com/page_1,1347844557
visitor_7959,www.s_8.com,www.s_8.com/page_1,1347844557
visitor_1452,www.s_5.com,www.s_5.com/page_1,1347844558
visitor_4977,www.s_8.com,www.s_8.com/page_1,1347844558
visitor_5886,www.s_6.com,www.s_6.com/page_1,1347844558
visitor_6570,www.s_6.com,www.s_6.com/page_1,1347844558
visitor_6647,www.s_4.com,www.s_4.com/page_1,1347844558
visitor_5513,www.s_1.com,www.s_1.com/page_1,1347844559
visitor_8417,www.s_3.com,www.s_3.com/page_1,1347844559
visitor_1049,www.s_8.com,www.s_8.com/page_1,1347844560
visitor_4151,www.s_6.com,www.s_6.com/page_1,1347844560
visitor_788,www.s_4.com,www.s_4.com/page_1,1347844561
visitor_8572,www.s_6.com,www.s_6.com/page_1,1347844561
visitor_2620,www.s_1.com,www.s_1.com/page_1,1347844562
visitor_2688,www.s_10.com,www.s_10.com/page_1,1347844562
visitor_6777,www.s_8.com,www.s_8.com/page_1,1347844562
visitor_2483,www.s_5.com,www.s_5.com/page_1,1347844563
visitor_9248,www.s_3.com,www.s_3.com/page_1,1347844563
visitor_3198,www.s_2.com,www.s_2.com/page_1,1347844564
visitor_4613,www.s_5.com,www.s_5.com/page_1,1347844564
visitor_4718,www.s_4.com,www.s_4.com/page_1,1347844564
visitor_7776,www.s_10.com,www.s_10.com/page_1,1347844564
visitor_956,www.s_5.com,www.s_5.com/page_1,1347844565
visitor_3856,www.s_1.com,www.s_1.com/page_1,1347844565
visitor_4030,www.s_10.com,www.s_10.com/page_1,1347844565
visitor_6009,www.s_2.com,www.s_2.com/page_1,1347844565
visitor_1316,www.s_8.com,www.s_8.com/page_1,1347844566
visitor_6994,www.s_10.com,www.s_10.com/page_1,1347844566
visitor_9051,www.s_9.com,www.s_9.com/page_1,1347844566
visitor_2228,www.s_1.com,www.s_1.com/page_1,1347844567
visitor_9034,www.s_2.com,www.s_2.com/page_1,1347844567
visitor_9983,www.s_5.com,www.s_5.com/page_1,1347844567
visitor_1920,www.s_5.com,www.s_5.com/page_1,1347844568
visitor_2414,www.s_8.com,www.s_8.com/page_1,1347844568
visitor_2763,www.s_3.com,www.s_3.com/page_1,1347844568
visitor_5796,www.s_6.com,www.s_6.com/page_1,1347844568
visitor_6524,www.s_8.com,www.s_8.com/page_1,1347844568
visitor_5052,www.s_6.com,www.s_6.com/page_1,1347844569
visitor_8401,www.s_6.com,www.s_6.com/page_1,1347844569
visitor_9377,www.s_7.com,www.s_7.com/page_1,1347844569
visitor_8683,www.s_2.com,www.s_2.com/page_1,1347844570
visitor_679,www.s_10.com,www.s_10.com/page_1,1347844571
visitor_1051,www.s_10.com,www.s_10.com/page_1,1347844571
visitor_5068,www.s_10.com,www.s_10.com/page_1,1347844571
visitor_7865,www.s_9.com,www.s_9.com/page_1,1347844571
visitor_2185,www.s_9.com,www.s_9.com/page_1,1347844572
visitor_7974,www.s_4.com,www.s_4.com/page_1,1347844572
visitor_9741,www.s_7.com,www.s_7.com/page_1,1347844572
visitor_2506,www.s_2.com,www.s_2.com/page_1,1347844573
visitor_3874,www.s_7.com,www.s_7.com/page_1,1347844573
visitor_5,www.s_9.com,www.s_9.com/page_1,1347844574
visitor_38,www.s_7.com,www.s_7.com/page_1,1347844574
visitor_1048,www.s_10.com,www.s_10.com/page_1,1347844574
visitor_468,www.s_9.com,www.s_9.com/page_1,1347844575
visitor_2746,www.s_5.com,www.s_5.com/page_1,1347844575
visitor_5238,www.s_10.com,www.s_10.com/page_1,1347844575
visitor_430,www.s_9.com,www.s_9.com/page_1,1347844576
visitor_2901,www.s_7.com,www.s_7.com/page_1,1347844576
visitor_1851,www.s_8.com,www.s_8.com/page_1,1347844577
visitor_2626,www.s_6.com,www.s_6.com/page_1,1347844577
visitor_3705,www.s_4.com,www.s_4.com/page_1,1347844577
visitor_5336,www.s_1.com,www.s_1.com/page_1,1347844577
visitor_8069,www.s_2.com,www.s_2.com/page_1,1347844577
visitor_8992,www.s_10.com,www.s_10.com/page_1,1347844577
visitor_1071,www.s_6.com,www.s_6.com/page_1,1347844578
visitor_1865,www.s_3.com,www.s_3.com/page_1,1347844578
visitor_6614,www.s_7.com,www.s_7.com/page_1,1347844578
visitor_7314,www.s_6.com,www.s_6.com/page_1,1347844578
visitor_8986,www.s_8.com,www.s_8.com/page_1,1347844578
visitor_5732,www.s_9.com,www.s_9.com/page_1,1347844579
visitor_6016,www.s_9.com,www.s_9.com/page_1,1347844579
visitor_6898,www.s_7.com,www.s_7.com/page_1,1347844579
visitor_3663,www.s_7.com,www.s_7.com/page_1,1347844580
visitor_3468,www.s_1.com,www.s_1.com/page_1,1347844581
visitor_1626,www.s_4.com,www.s_4.com/page_1,1347844582
visitor_2050,www.s_6.com,www.s_6.com/page_1,1347844582
visitor_2264,www.s_8.com,www.s_8.com/page_1,1347844582
visitor_3669,www.s_3.com,www.s_3.com/page_1,1347844583
visitor_5035,www.s_7.com,www.s_7.com/page_1,1347844583
visitor_5477,www.s_7.com,www.s_7.com/page_1,1347844583
visitor_7295,www.s_3.com,www.s_3.com/page_1,1347844583
visitor_9687,www.s_7.com,www.s_7.com/page_1,1347844583
visitor_701,www.s_4.com,www.s_4.com/page_1,1347844584
visitor_6168,www.s_9.com,www.s_9.com/page_1,1347844585
visitor_8196,www.s_10.com,www.s_10.com/page_1,1347844585
visitor_8625,www.s_7.com,www.s_7.com/page_1,1347844585
visitor_9609,www.s_7.com,www.s_7.com/page_1,1347844585
visitor_9730,www.s_5.com,www.s_5.com/page_1,1347844585
visitor_1902,www.s_8.com,www.s_8.com/page_1,1347844587
visitor_2733,www.s_10.com,www.s_10.com/page_1,1347844588
visitor_3638,www.s_8.com,www.s_8.com/page_1,1347844589
visitor_5873,www.s_2.com,www.s_2.com/page_1,1347844589
visitor_5897,www.s_9.com,www.s_9.com/page_1,1347844590
visitor_7010,www.s_5.com,www.s_5.com/page_1,1347844590
visitor_1829,www.s_1.com,www.s_1.com/page_1,1347844591
visitor_2735,www.s_6.com,www.s_6.com/page_1,1347844591
visitor_3725,www.s_2.com,www.s_2.com/page_1,1347844592
visitor_9226,www.s_6.com,www.s_6.com/page_1,1347844592
visitor_7940,www.s_2.com,www.s_2.com/page_1,1347844593
visitor_9536,www.s_3.com,www.s_3.com/page_1,1347844593
visitor_1042,www.s_3.com,www.s_3.com/page_1,1347844594
visitor_2573,www.s_4.com,www.s_4.com/page_1,1347844594
visitor_4185,www.s_3.com,www.s_3.com/page_1,1347844594
visitor_5016,www.s_2.com,www.s_2.com/page_1,1347844594
visitor_6701,www.s_9.com,www.s_9.com/page_1,1347844594
visitor_7679,www.s_3.com,www.s_3.com/page_1,1347844594
visitor_9934,www.s_10.com,www.s_10.com/page_1,1347844594
visitor_5753,www.s_7.com,www.s_7.com/page_1,1347844595
visitor_7932,www.s_2.com,www.s_2.com/page_1,1347844595
visitor_6141,www.s_6.com,www.s_6.com/page_1,1347844596
visitor_8979,www.s_3.com,www.s_3.com/page_1,1347844596
visitor_845,www.s_6.com,www.s_6.com/page_1,1347844597
visitor_2443,www.s_9.com,www.s_9.com/page_1,1347844598
visitor_3422,www.s_8.com,www.s_8.com/page_1,1347844598
visitor_3452,www.s_6.com,www.s_6.com/page_1,1347844598
visitor_4553,www.s_9.com,www.s_9.com/page_1,1347844598
visitor_5117,www.s_8.com,www.s_8.com/page_1,1347844598
visitor_8773,www.s_8.com,www.s_8.com/page_1,1347844598
visitor_9676,www.s_8.com,www.s_8.com/page_1,1347844598
visitor_412,www.s_9.com,www.s_9.com/page_1,1347844599
visitor_9883,www.s_3.com,www.s_3.com/page_1,1347844599
visitor_1256,www.s_8.com,www.s_8.com/page_1,1347844600
visitor_2764,www.s_4.com,www.s_4.com/page_1,1347844600
visitor_3106,www.s_5.com,www.s_5.com/page_1,1347844600
visitor_8686,www.s_2.com,www.s_2.com/page_1,1347844600
visitor_9683,www.s_4.com,www.s_4.com/page_1,1347844600
visitor_472,www.s_6.com,www.s_6.com/page_1,1347844601
visitor_2511,www.s_3.com,www.s_3.com/page_1,1347844601
visitor_6157,www.s_1.com,www.s_1.com/page_1,1347844601
visitor_8504,www.s_3.com,www.s_3.com/page_1,1347844601
visitor_5678,www.s_8.com,www.s_8.com/page_1,1347844602
visitor_1347,www.s_1.com,www.s_1.com/page_1,1347844603
visitor_2314,www.s_10.com,www.s_10.com/page_1,1347844603
visitor_5661,www.s_6.com,www.s_6.com/page_1,1347844603
visitor_6835,www.s_5.com,www.s_5.com/page_1,1347844603
visitor_7298,www.s_6.com,www.s_6.com/page_1,1347844603
visitor_2038,www.s_4.com,www.s_4.com/page_1,1347844604
visitor_2887,www.s_4.com,www.s_4.com/page_1,1347844604
visitor_7669,www.s_9.com,www.s_9.com/page_1,1347844604
visitor_6160,www.s_9.com,www.s_9.com/page_1,1347844605
visitor_8279,www.s_6.com,www.s_6.com/page_1,1347844605
visitor_1715,www.s_6.com,www.s_6.com/page_1,1347844606
visitor_2256,www.s_7.com,www.s_7.com/page_1,1347844606
visitor_8172,www.s_3.com,www.s_3.com/page_1,1347844606
visitor_505,www.s_2.com,www.s_2.com/page_1,1347844607
visitor_9057,www.s_6.com,www.s_6.com/page_1,1347844607
visitor_731,www.s_5.com,www.s_5.com/page_1,1347844608
visitor_6987,www.s_10.com,www.s_10.com/page_1,1347844608
visitor_7856,www.s_5.com,www.s_5.com/page_1,1347844608
visitor_6215,www.s_1.com,www.s_1.com/page_1,1347844609
visitor_5839,www.s_2.com,www.s_2.com/page_1,1347844611
visitor_8421,www.s_5.com,www.s_5.com/page_1,1347844611
visitor_9792,www.s_7.com,www.s_7.com/page_1,1347844611
visitor_940,www.s_9.com,www.s_9.com/page_1,1347844612
visitor_5688,www.s_5.com,www.s_5.com/page_1,1347844612
visitor_7164,www.s_4.com,www.s_4.com/page_1,1347844612
visitor_7500,www.s_2.com,www.s_2.com/page_1,1347844612
visitor_929,www.s_3.com,www.s_3.com/page_1,1347844613
visitor_2430,www.s_10.com,www.s_10.com/page_1,1347844613
visitor_3626,www.s_2.com,www.s_2.com/page_1,1347844613
visitor_1033,www.s_1.com,www.s_1.com/page_1,1347844614
visitor_3016,www.s_3.com,www.s_3.com/page_1,1347844614
visitor_2777,www.s_10.com,www.s_10.com/page_1,1347844615
visitor_3083,www.s_10.com,www.s_10.com/page_1,1347844615
visitor_3288,www.s_4.com,www.s_4.com/page_1,1347844615
visitor_3547,www.s_4.com,www.s_4.com/page_1,1347844615
visitor_3743,www.s_5.com,www.s_5.com/page_1,1347844615
visitor_6769,www.s_1.com,www.s_1.com/page_1,1347844615
visitor_9541,www.s_7.com,www.s_7.com/page_1,1347844615
visitor_983,www.s_4.com,www.s_4.com/page_1,1347844616
visitor_1432,www.s_4.com,www.s_4.com/page_1,1347844616
visitor_9103,www.s_8.com,www.s_8.com/page_1,1347844616
visitor_9181,www.s_5.com,www.s_5.com/page_1,1347844616
visitor_3881,www.s_7.com,www.s_7.com/page_1,1347844617
visitor_5073,www.s_6.com,www.s_6.com/page_1,1347844617
visitor_8694,www.s_9.com,www.s_9.com/page_1,1347844617
visitor_9366,www.s_6.com,www.s_6.com/page_1,1347844617
visitor_336,www.s_8.com,www.s_8.com/page_1,1347844618
visitor_994,www.s_10.com,www.s_10.com/page_1,1347844619
visitor_1728,www.s_9.com,www.s_9.com/page_1,1347844619
visitor_2448,www.s_3.com,www.s_3.com/page_1,1347844619
visitor_6628,www.s_5.com,www.s_5.com/page_1,1347844619
visitor_5010,www.s_4.com,www.s_4.com/page_1,1347844620
visitor_4609,www.s_1.com,www.s_1.com/page_1,1347844621
visitor_5820,www.s_5.com,www.s_5.com/page_1,1347844621
visitor_6795,www.s_10.com,www.s_10.com/page_1,1347844621
visitor_7733,www.s_4.com,www.s_4.com/page_1,1347844621
visitor_9657,www.s_6.com,www.s_6.com/page_1,1347844621
visitor_3774,www.s_5.com,www.s_5.com/page_1,1347844622
visitor_9696,www.s_4.com,www.s_4.com/page_1,1347844622
visitor_9714,www.s_10.com,www.s_10.com/page_1,1347844622
visitor_9805,www.s_9.com,www.s_9.com/page_1,1347844622
visitor_5242,www.s_3.com,www.s_3.com/page_1,1347844623
visitor_164,www.s_6.com,www.s_6.com/page_1,1347844624
visitor_857,www.s_1.com,www.s_1.com/page_1,1347844624
visitor_4505,www.s_7.com,www.s_7.com/page_1,1347844624
visitor_8387,www.s_5.com,www.s_5.com/page_1,1347844624
visitor_5475,www.s_3.com,www.s_3.com/page_1,1347844625
visitor_7936,www.s_8.com,www.s_8.com/page_1,1347844625
visitor_8829,www.s_6.com,www.s_6.com/page_1,1347844625
visitor_8838,www.s_8.com,www.s_8.com/page_1,1347844625
visitor_5151,www.s_8.com,www.s_8.com/page_1,1347844626
visitor_5549,www.s_9.com,www.s_9.com/page_1,1347844626
visitor_8275,www.s_5.com,www.s_5.com/page_1,1347844626
visitor_5981,www.s_5.com,www.s_5.com/page_1,1347844627
visitor_9291,www.s_8.com,www.s_8.com/page_1,1347844627
visitor_228,www.s_1.com,www.s_1.com/page_1,1347844629
visitor_1930,www.s_6.com,www.s_6.com/page_1,1347844629
visitor_9744,www.s_4.com,www.s_4.com/page_1,1347844629
visitor_6159,www.s_1.com,www.s_1.com/page_1,1347844630
visitor_6350,www.s_4.com,www.s_4.com/page_1,1347844630
visitor_7253,www.s_7.com,www.s_7.com/page_1,1347844630
visitor_449,www.s_6.com,www.s_6.com/page_1,1347844631
visitor_727,www.s_5.com,www.s_5.com/page_1,1347844631
visitor_8070,www.s_2.com,www.s_2.com/page_1,1347844631
visitor_1337,www.s_5.com,www.s_5.com/page_1,1347844632
visitor_2879,www.s_10.com,www.s_10.com/page_1,1347844632
visitor_2976,www.s_1.com,www.s_1.com/page_1,1347844632
visitor_3478,www.s_8.com,www.s_8.com/page_1,1347844632
visitor_6424,www.s_9.com,www.s_9.com/page_1,1347844632
visitor_307,www.s_1.com,www.s_1.com/page_1,1347844633
visitor_2202,www.s_7.com,www.s_7.com/page_1,1347844635
visitor_2298,www.s_4.com,www.s_4.com/page_1,1347844635
visitor_8380,www.s_8.com,www.s_8.com/page_1,1347844635
visitor_1227,www.s_6.com,www.s_6.com/page_1,1347844636
visitor_3943,www.s_5.com,www.s_5.com/page_1,1347844637
visitor_5341,www.s_8.com,www.s_8.com/page_1,1347844637
visitor_3264,www.s_3.com,www.s_3.com/page_1,1347844638
visitor_8442,www.s_3.com,www.s_3.com/page_1,1347844638
visitor_9903,www.s_4.com,www.s_4.com/page_1,1347844638
visitor_137,www.s_3.com,www.s_3.com/page_1,1347844639
visitor_3290,www.s_5.com,www.s_5.com/page_1,1347844639
visitor_4371,www.s_5.com,www.s_5.com/page_1,1347844639
visitor_6162,www.s_8.com,www.s_8.com/page_1,1347844639
visitor_6689,www.s_8.com,www.s_8.com/page_1,1347844639
visitor_4590,www.s_4.com,www.s_4.com/page_1,1347844640
visitor_7066,www.s_3.com,www.s_3.com/page_1,1347844640
visitor_8788,www.s_6.com,www.s_6.com/page_1,1347844640
visitor_2397,www.s_6.com,www.s_6.com/page_1,1347844641
visitor_2982,www.s_9.com,www.s_9.com/page_1,1347844641
visitor_3231,www.s_1.com,www.s_1.com/page_1,1347844641
visitor_3257,www.s_6.com,www.s_6.com/page_1,1347844641
visitor_7706,www.s_3.com,www.s_3.com/page_1,1347844642
visitor_713,www.s_7.com,www.s_7.com/page_1,1347844643
visitor_2181,www.s_1.com,www.s_1.com/page_1,1347844643
visitor_3149,www.s_3.com,www.s_3.com/page_1,1347844643
visitor_6681,www.s_6.com,www.s_6.com/page_1,1347844643
visitor_7763,www.s_4.com,www.s_4.com/page_1,1347844643
visitor_8664,www.s_10.com,www.s_10.com/page_1,1347844643
visitor_9710,www.s_4.com,www.s_4.com/page_1,1347844643
visitor_1680,www.s_1.com,www.s_1.com/page_1,1347844644
visitor_2589,www.s_5.com,www.s_5.com/page_1,1347844644
visitor_9279,www.s_7.com,www.s_7.com/page_1,1347844644
visitor_889,www.s_4.com,www.s_4.com/page_1,1347844645
visitor_1940,www.s_2.com,www.s_2.com/page_1,1347844645
visitor_8824,www.s_10.com,www.s_10.com/page_1,1347844646
visitor_3095,www.s_9.com,www.s_9.com/page_1,1347844647
visitor_4395,www.s_9.com,www.s_9.com/page_1,1347844647
visitor_5651,www.s_4.com,www.s_4.com/page_1,1347844647
visitor_8194,www.s_3.com,www.s_3.com/page_1,1347844647
visitor_8272,www.s_3.com,www.s_3.com/page_1,1347844647
visitor_4116,www.s_7.com,www.s_7.com/page_1,1347844648
visitor_5643,www.s_6.com,www.s_6.com/page_1,1347844648
visitor_9767,www.s_7.com,www.s_7.com/page_1,1347844649
visitor_9794,www.s_5.com,www.s_5.com/page_1,1347844649
visitor_1539,www.s_7.com,www.s_7.com/page_1,1347844650
visitor_6150,www.s_4.com,www.s_4.com/page_1,1347844650
visitor_3711,www.s_8.com,www.s_8.com/page_1,1347844651
visitor_5986,www.s_7.com,www.s_7.com/page_1,1347844651
visitor_506,www.s_2.com,www.s_2.com/page_1,1347844652
visitor_1197,www.s_1.com,www.s_1.com/page_1,1347844652
visitor_4650,www.s_4.com,www.s_4.com/page_1,1347844652
visitor_5109,www.s_1.com,www.s_1.com/page_1,1347844652
visitor_8969,www.s_2.com,www.s_2.com/page_1,1347844652
visitor_15,www.s_2.com,www.s_2.com/page_1,1347844653
visitor_248,www.s_3.com,www.s_3.com/page_1,1347844653
visitor_1422,www.s_5.com,www.s_5.com/page_1,1347844653
visitor_1807,www.s_8.com,www.s_8.com/page_1,1347844653
visitor_2001,www.s_10.com,www.s_10.com/page_1,1347844653
visitor_5915,www.s_1.com,www.s_1.com/page_1,1347844653
visitor_6784,www.s_8.com,www.s_8.com/page_1,1347844653
visitor_2613,www.s_8.com,www.s_8.com/page_1,1347844655
visitor_3320,www.s_9.com,www.s_9.com/page_1,1347844655
visitor_7089,www.s_7.com,www.s_7.com/page_1,1347844655
visitor_7956,www.s_9.com,www.s_9.com/page_1,1347844655
visitor_2245,www.s_10.com,www.s_10.com/page_1,1347844656
visitor_8639,www.s_6.com,www.s_6.com/page_1,1347844656
visitor_554,www.s_9.com,www.s_9.com/page_1,1347844657
visitor_7232,www.s_9.com,www.s_9.com/page_1,1347844658
visitor_9337,www.s_10.com,www.s_10.com/page_1,1347844658
visitor_3616,www.s_4.com,www.s_4.com/page_1,1347844659
visitor_7634,www.s_8.com,www.s_8.com/page_1,1347844659
visitor_8516,www.s_9.com,www.s_9.com/page_1,1347844659
visitor_2027,www.s_3.com,www.s_3.com/page_1,1347844660
visitor_4195,www.s_7.com,www.s_7.com/page_1,1347844660
visitor_4456,www.s_7.com,www.s_7.com/page_1,1347844660
visitor_7617,www.s_8.com,www.s_8.com/page_1,1347844660
visitor_9770,www.s_4.com,www.s_4.com/page_1,1347844660
visitor_986,www.s_5.com,www.s_5.com/page_1,1347844661
visitor_1056,www.s_5.com,www.s_5.com/page_1,1347844661
visitor_9636,www.s_4.com,www.s_4.com/page_1,1347844662
visitor_292,www.s_9.com,www.s_9.com/page_1,1347844663
visitor_3443,www.s_4.com,www.s_4.com/page_1,1347844663
visitor_151,www.s_9.com,www.s_9.com/page_1,1347844665
visitor_2640,www.s_8.com,www.s_8.com/page_1,1347844665
visitor_5476,www.s_2.com,www.s_2.com/page_1,1347844665
visitor_6282,www.s_6.com,www.s_6.com/page_1,1347844665
visitor_6317,www.s_5.com,www.s_5.com/page_1,1347844665
visitor_2115,www.s_7.com,www.s_7.com/page_1,1347844666
visitor_3782,www.s_8.com,www.s_8.com/page_1,1347844666
visitor_6663,www.s_5.com,www.s_5.com/page_1,1347844666
visitor_7519,www.s_3.com,www.s_3.com/page_1,1347844667
visitor_9433,www.s_5.com,www.s_5.com/page_1,1347844667
visitor_100,www.s_10.com,www.s_10.com/page_1,1347844669
visitor_1270,www.s_9.com,www.s_9.com/page_1,1347844669
visitor_9448,www.s_4.com,www.s_4.com/page_1,1347844669
visitor_4040,www.s_5.com,www.s_5.com/page_1,1347844670
visitor_2868,www.s_10.com,www.s_10.com/page_1,1347844671
visitor_7858,www.s_8.com,www.s_8.com/page_1,1347844671
visitor_1183,www.s_9.com,www.s_9.com/page_1,1347844672
visitor_3499,www.s_5.com,www.s_5.com/page_1,1347844672
visitor_4172,www.s_6.com,www.s_6.com/page_1,1347844673
visitor_7488,www.s_4.com,www.s_4.com/page_1,1347844673
visitor_1443,www.s_9.com,www.s_9.com/page_1,1347844674
visitor_4394,www.s_8.com,www.s_8.com/page_1,1347844674
visitor_5538,www.s_2.com,www.s_2.com/page_1,1347844674
visitor_7854,www.s_7.com,www.s_7.com/page_1,1347844674
visitor_9881,www.s_5.com,www.s_5.com/page_1,1347844674
visitor_5801,www.s_7.com,www.s_7.com/page_1,1347844675
visitor_9280,www.s_3.com,www.s_3.com/page_1,1347844675
visitor_748,www.s_6.com,www.s_6.com/page_1,1347844676
visitor_5936,www.s_10.com,www.s_10.com/page_1,1347844676
visitor_810,www.s_1.com,www.s_1.com/page_1,1347844677
visitor_4635,www.s_4.com,www.s_4.com/page_1,1347844677
visitor_8529,www.s_6.com,www.s_6.com/page_1,1347844677
visitor_3176,www.s_2.com,www.s_2.com/page_1,1347844678
visitor_6816,www.s_10.com,www.s_10.com/page_1,1347844678
visitor_8907,www.s_6.com,www.s_6.com/page_1,1347844679
visitor_7559,www.s_4.com,www.s_4.com/page_1,1347844680
visitor_4794,www.s_2.com,www.s_2.com/page_1,1347844681
visitor_6179,www.s_9.com,www.s_9.com/page_1,1347844681
visitor_1884,www.s_1.com,www.s_1.com/page_1,1347844682
visitor_4389,www.s_10.com,www.s_10.com/page_1,1347844682
visitor_4666,www.s_5.com,www.s_5.com/page_1,1347844682
visitor_6254,www.s_3.com,www.s_3.com/page_1,1347844682
visitor_2112,www.s_4.com,www.s_4.com/page_1,1347844683
visitor_7271,www.s_2.com,www.s_2.com/page_1,1347844684
visitor_997,www.s_2.com,www.s_2.com/page_1,1347844685
visitor_1195,www.s_10.com,www.s_10.com/page_1,1347844685
visitor_1490,www.s_10.com,www.s_10.com/page_1,1347844685
visitor_5619,www.s_10.com,www.s_10.com/page_1,1347844685
visitor_1751,www.s_7.com,www.s_7.com/page_1,1347844686
visitor_1095,www.s_2.com,www.s_2.com/page_1,1347844687
visitor_1952,www.s_5.com,www.s_5.com/page_1,1347844687
visitor_6057,www.s_9.com,www.s_9.com/page_1,1347844687
visitor_7128,www.s_4.com,www.s_4.com/page_1,1347844687
visitor_7689,www.s_6.com,www.s_6.com/page_1,1347844688
visitor_8177,www.s_6.com,www.s_6.com/page_1,1347844688
visitor_9348,www.s_1.com,www.s_1.com/page_1,1347844688
visitor_9776,www.s_9.com,www.s_9.com/page_1,1347844688
visitor_7390,www.s_4.com,www.s_4.com/page_1,1347844689
visitor_8350,www.s_5.com,www.s_5.com/page_1,1347844689
visitor_4301,www.s_9.com,www.s_9.com/page_1,1347844690
visitor_9661,www.s_9.com,www.s_9.com/page_1,1347844690
visitor_765,www.s_6.com,www.s_6.com/page_1,1347844691
visitor_4184,www.s_5.com,www.s_5.com/page_1,1347844691
visitor_5072,www.s_10.com,www.s_10.com/page_1,1347844691
visitor_5283,www.s_10.com,www.s_10.com/page_1,1347844691
visitor_6456,www.s_10.com,www.s_10.com/page_1,1347844691
visitor_9167,www.s_2.com,www.s_2.com/page_1,1347844692
visitor_2658,www.s_4.com,www.s_4.com/page_1,1347844693
visitor_4830,www.s_6.com,www.s_6.com/page_1,1347844693
visitor_6235,www.s_9.com,www.s_9.com/page_1,1347844693
visitor_7235,www.s_10.com,www.s_10.com/page_1,1347844693
visitor_13,www.s_4.com,www.s_4.com/page_1,1347844694
visitor_4179,www.s_2.com,www.s_2.com/page_1,1347844694
visitor_4582,www.s_1.com,www.s_1.com/page_1,1347844694
visitor_5447,www.s_10.com,www.s_10.com/page_1,1347844694
visitor_8675,www.s_10.com,www.s_10.com/page_1,1347844694
visitor_6770,www.s_3.com,www.s_3.com/page_1,1347844695
visitor_7013,www.s_8.com,www.s_8.com/page_1,1347844695
visitor_7077,www.s_10.com,www.s_10.com/page_1,1347844695
visitor_9437,www.s_5.com,www.s_5.com/page_1,1347844695
visitor_3436,www.s_9.com,www.s_9.com/page_1,1347844696
visitor_6862,www.s_2.com,www.s_2.com/page_1,1347844696
visitor_4260,www.s_6.com,www.s_6.com/page_1,1347844697
visitor_1870,www.s_1.com,www.s_1.com/page_1,1347844698
visitor_4534,www.s_6.com,www.s_6.com/page_1,1347844698
visitor_6482,www.s_4.com,www.s_4.com/page_1,1347844698
visitor_1393,www.s_7.com,www.s_7.com/page_1,1347844699
visitor_1545,www.s_8.com,www.s_8.com/page_1,1347844699
visitor_3926,www.s_3.com,www.s_3.com/page_1,1347844699
visitor_4350,www.s_1.com,www.s_1.com/page_1,1347844699
visitor_4945,www.s_9.com,www.s_9.com/page_1,1347844699
visitor_5157,www.s_8.com,www.s_8.com/page_1,1347844699
visitor_7684,www.s_2.com,www.s_2.com/page_1,1347844699
visitor_5309,www.s_10.com,www.s_10.com/page_1,1347844700
visitor_5806,www.s_10.com,www.s_10.com/page_1,1347844701
visitor_3424,www.s_6.com,www.s_6.com/page_1,1347844702
visitor_2239,www.s_8.com,www.s_8.com/page_1,1347844703
visitor_4060,www.s_5.com,www.s_5.com/page_1,1347844704
visitor_7402,www.s_5.com,www.s_5.com/page_1,1347844704
visitor_900,www.s_3.com,www.s_3.com/page_1,1347844705
visitor_1199,www.s_9.com,www.s_9.com/page_1,1347844705
visitor_2806,www.s_7.com,www.s_7.com/page_1,1347844705
visitor_7827,www.s_9.com,www.s_9.com/page_1,1347844705
visitor_9619,www.s_4.com,www.s_4.com/page_1,1347844705
visitor_9920,www.s_7.com,www.s_7.com/page_1,1347844705
visitor_1561,www.s_5.com,www.s_5.com/page_1,1347844706
visitor_2751,www.s_2.com,www.s_2.com/page_1,1347844706
visitor_2046,www.s_2.com,www.s_2.com/page_1,1347844707
visitor_3955,www.s_3.com,www.s_3.com/page_1,1347844707
visitor_9359,www.s_8.com,www.s_8.com/page_1,1347844707
visitor_18,www.s_9.com,www.s_9.com/page_1,1347844708
visitor_6266,www.s_3.com,www.s_3.com/page_1,1347844708
visitor_1231,www.s_8.com,www.s_8.com/page_1,1347844709
visitor_1350,www.s_9.com,www.s_9.com/page_1,1347844709
visitor_3224,www.s_3.com,www.s_3.com/page_1,1347844709
visitor_5374,www.s_7.com,www.s_7.com/page_1,1347844709
visitor_1459,www.s_3.com,www.s_3.com/page_1,1347844710
visitor_7157,www.s_7.com,www.s_7.com/page_1,1347844710
visitor_7577,www.s_2.com,www.s_2.com/page_1,1347844710
visitor_1351,www.s_6.com,www.s_6.com/page_1,1347844711
visitor_3646,www.s_2.com,www.s_2.com/page_1,1347844711
visitor_5170,www.s_5.com,www.s_5.com/page_1,1347844711
visitor_6470,www.s_5.com,www.s_5.com/page_1,1347844711
visitor_3131,www.s_6.com,www.s_6.com/page_1,1347844712
visitor_3802,www.s_2.com,www.s_2.com/page_1,1347844712
visitor_3937,www.s_2.com,www.s_2.com/page_1,1347844712
visitor_2840,www.s_2.com,www.s_2.com/page_1,1347844713
visitor_2860,www.s_2.com,www.s_2.com/page_1,1347844713
visitor_3393,www.s_6.com,www.s_6.com/page_1,1347844713
visitor_8415,www.s_8.com,www.s_8.com/page_1,1347844713
visitor_4648,www.s_5.com,www.s_5.com/page_1,1347844714
visitor_8343,www.s_9.com,www.s_9.com/page_1,1347844714
visitor_8783,www.s_1.com,www.s_1.com/page_1,1347844714
visitor_677,www.s_9.com,www.s_9.com/page_1,1347844715
visitor_1441,www.s_6.com,www.s_6.com/page_1,1347844715
visitor_5488,www.s_6.com,www.s_6.com/page_1,1347844716
visitor_7552,www.s_5.com,www.s_5.com/page_1,1347844716
visitor_6356,www.s_7.com,www.s_7.com/page_1,1347844717
visitor_6892,www.s_9.com,www.s_9.com/page_1,1347844717
visitor_8341,www.s_1.com,www.s_1.com/page_1,1347844717
visitor_9195,www.s_1.com,www.s_1.com/page_1,1347844717
visitor_2164,www.s_8.com,www.s_8.com/page_1,1347844718
visitor_3579,www.s_7.com,www.s_7.com/page_1,1347844718
visitor_4429,www.s_3.com,www.s_3.com/page_1,1347844718
visitor_8337,www.s_6.com,www.s_6.com/page_1,1347844718
visitor_5743,www.s_4.com,www.s_4.com/page_1,1347844719
visitor_8416,www.s_3.com,www.s_3.com/page_1,1347844720
visitor_5450,www.s_1.com,www.s_1.com/page_1,1347844721
visitor_1994,www.s_6.com,www.s_6.com/page_1,1347844722
visitor_4602,www.s_7.com,www.s_7.com/page_1,1347844722
visitor_1988,www.s_6.com,www.s_6.com/page_1,1347844723
visitor_5939,www.s_10.com,www.s_10.com/page_1,1347844723
visitor_635,www.s_5.com,www.s_5.com/page_1,1347844724
visitor_4946,www.s_10.com,www.s_10.com/page_1,1347844724
visitor_9878,www.s_1.com,www.s_1.com/page_1,1347844725
visitor_790,www.s_4.com,www.s_4.com/page_1,1347844726
visitor_880,www.s_2.com,www.s_2.com/page_1,1347844726
visitor_4079,www.s_3.com,www.s_3.com/page_1,1347844726
visitor_4428,www.s_5.com,www.s_5.com/page_1,1347844726
visitor_8566,www.s_8.com,www.s_8.com/page_1,1347844726
visitor_3260,www.s_9.com,www.s_9.com/page_1,1347844727
visitor_8491,www.s_9.com,www.s_9.com/page_1,1347844727
visitor_203,www.s_5.com,www.s_5.com/page_1,1347844728
visitor_2572,www.s_5.com,www.s_5.com/page_1,1347844729
visitor_4517,www.s_3.com,www.s_3.com/page_1,1347844729
visitor_1770,www.s_5.com,www.s_5.com/page_1,1347844731
visitor_3710,www.s_3.com,www.s_3.com/page_1,1347844731
visitor_5408,www.s_7.com,www.s_7.com/page_1,1347844731
visitor_9219,www.s_2.com,www.s_2.com/page_1,1347844731
visitor_9927,www.s_3.com,www.s_3.com/page_1,1347844731
visitor_2319,www.s_6.com,www.s_6.com/page_1,1347844732
visitor_6246,www.s_1.com,www.s_1.com/page_1,1347844732
visitor_6923,www.s_1.com,www.s_1.com/page_1,1347844732
visitor_3750,www.s_1.com,www.s_1.com/page_1,1347844733
visitor_9201,www.s_8.com,www.s_8.com/page_1,1347844733
visitor_2568,www.s_3.com,www.s_3.com/page_1,1347844734
visitor_3906,www.s_3.com,www.s_3.com/page_1,1347844734
visitor_6402,www.s_2.com,www.s_2.com/page_1,1347844735
visitor_6915,www.s_7.com,www.s_7.com/page_1,1347844735
visitor_1467,www.s_3.com,www.s_3.com/page_1,1347844736
visitor_1625,www.s_8.com,www.s_8.com/page_1,1347844737
visitor_7553,www.s_4.com,www.s_4.com/page_1,1347844737
visitor_8496,www.s_10.com,www.s_10.com/page_1,1347844737
visitor_2279,www.s_10.com,www.s_10.com/page_1,1347844738
visitor_5741,www.s_8.com,www.s_8.com/page_1,1347844738
visitor_147,www.s_1.com,www.s_1.com/page_1,1347844739
visitor_8890,www.s_6.com,www.s_6.com/page_1,1347844739
visitor_4647,www.s_10.com,www.s_10.com/page_1,1347844740
visitor_5542,www.s_10.com,www.s_10.com/page_1,1347844740
visitor_8183,www.s_6.com,www.s_6.com/page_1,1347844741
visitor_9933,www.s_1.com,www.s_1.com/page_1,1347844741
visitor_620,www.s_2.com,www.s_2.com/page_1,1347844742
visitor_1050,www.s_1.com,www.s_1.com/page_1,1347844742
visitor_559,www.s_4.com,www.s_4.com/page_1,1347844743
visitor_735,www.s_4.com,www.s_4.com/page_1,1347844743
visitor_3724,www.s_4.com,www.s_4.com/page_1,1347844743
visitor_3780,www.s_4.com,www.s_4.com/page_1,1347844743
visitor_5351,www.s_9.com,www.s_9.com/page_1,1347844744
visitor_8145,www.s_1.com,www.s_1.com/page_1,1347844744
visitor_3494,www.s_10.com,www.s_10.com/page_1,1347844745
visitor_8917,www.s_7.com,www.s_7.com/page_1,1347844745
visitor_1215,www.s_10.com,www.s_10.com/page_1,1347844746
visitor_3440,www.s_8.com,www.s_8.com/page_1,1347844746
visitor_4073,www.s_7.com,www.s_7.com/page_1,1347844747
visitor_7707,www.s_6.com,www.s_6.com/page_1,1347844747
visitor_8388,www.s_1.com,www.s_1.com/page_1,1347844747
visitor_501,www.s_7.com,www.s_7.com/page_1,1347844748
visitor_9480,www.s_7.com,www.s_7.com/page_1,1347844748
visitor_9613,www.s_4.com,www.s_4.com/page_1,1347844748
visitor_1573,www.s_6.com,www.s_6.com/page_1,1347844749
visitor_1818,www.s_7.com,www.s_7.com/page_1,1347844749
visitor_6107,www.s_9.com,www.s_9.com/page_1,1347844749
visitor_6980,www.s_3.com,www.s_3.com/page_1,1347844749
visitor_9483,www.s_1.com,www.s_1.com/page_1,1347844749
visitor_1009,www.s_9.com,www.s_9.com/page_1,1347844750
visitor_1224,www.s_1.com,www.s_1.com/page_1,1347844750
visitor_3565,www.s_3.com,www.s_3.com/page_1,1347844750
visitor_5359,www.s_3.com,www.s_3.com/page_1,1347844750
visitor_6417,www.s_7.com,www.s_7.com/page_1,1347844750
visitor_3745,www.s_8.com,www.s_8.com/page_1,1347844751
visitor_9086,www.s_2.com,www.s_2.com/page_1,1347844751
visitor_4009,www.s_1.com,www.s_1.com/page_1,1347844752
visitor_4501,www.s_10.com,www.s_10.com/page_1,1347844752
visitor_5357,www.s_7.com,www.s_7.com/page_1,1347844752
visitor_6495,www.s_2.com,www.s_2.com/page_1,1347844752
visitor_1650,www.s_7.com,www.s_7.com/page_1,1347844753
visitor_1935,www.s_8.com,www.s_8.com/page_1,1347844753
visitor_3889,www.s_10.com,www.s_10.com/page_1,1347844753
visitor_6101,www.s_10.com,www.s_10.com/page_1,1347844753
visitor_6116,www.s_4.com,www.s_4.com/page_1,1347844753
visitor_1261,www.s_3.com,www.s_3.com/page_1,1347844754
visitor_1319,www.s_9.com,www.s_9.com/page_1,1347844754
visitor_8215,www.s_9.com,www.s_9.com/page_1,1347844754
visitor_8804,www.s_8.com,www.s_8.com/page_1,1347844754
visitor_415,www.s_9.com,www.s_9.com/page_1,1347844755
visitor_1279,www.s_6.com,www.s_6.com/page_1,1347844755
visitor_1278,www.s_10.com,www.s_10.com/page_1,1347844756
visitor_1928,www.s_5.com,www.s_5.com/page_1,1347844756
visitor_6469,www.s_4.com,www.s_4.com/page_1,1347844756
visitor_3889,www.s_10.com,www.s_10.com/page_1,1347844753
visitor_6101,www.s_10.com,www.s_10.com/page_1,1347844753
visitor_6116,www.s_4.com,www.s_4.com/page_1,1347844753
visitor_1261,www.s_3.com,www.s_3.com/page_1,1347844754
visitor_1319,www.s_9.com,www.s_9.com/page_1,1347844754
visitor_8215,www.s_9.com,www.s_9.com/page_1,1347844754
visitor_8804,www.s_8.com,www.s_8.com/page_1,1347844754
visitor_415,www.s_9.com,www.s_9.com/page_1,1347844755
visitor_1279,www.s_6.com,www.s_6.com/page_1,1347844755
visitor_1278,www.s_10.com,www.s_10.com/page_1,1347844756
visitor_1928,www.s_5.com,www.s_5.com/page_1,1347844756
visitor_6469,www.s_4.com,www.s_4.com/page_1,1347844756
visitor_3889,www.s_10.com,www.s_10.com/page_1,1347844753
visitor_6101,www.s_10.com,www.s_10.com/page_1,1347844753
visitor_6116,www.s_4.com,www.s_4.com/page_1,1347844753
visitor_1261,www.s_3.com,www.s_3.com/page_1,1347844754
visitor_1319,www.s_9.com,www.s_9.com/page_1,1347844754
visitor_8215,www.s_9.com,www.s_9.com/page_1,1347844754
visitor_8804,www.s_8.com,www.s_8.com/page_1,1347844754
visitor_415,www.s_9.com,www.s_9.com/page_1,1347844755
visitor_1279,www.s_6.com,www.s_6.com/page_1,1347844755
visitor_1278,www.s_10.com,www.s_10.com/page_1,1347844756
visitor_1928,www.s_5.com,www.s_5.com/page_1,1347844756
visitor_6469,www.s_4.com,www.s_4.com/page_1,1347844756